[
  {
    "model": "airport.airport",
    "pk": 1,
    "fields": {
      "name": "John F. Kennedy International Airport",
      "closest_big_city": "New York"
    }
  },
  {
    "model": "airport.airport",
    "pk": 2,
    "fields": {
      "name": "Heathrow Airport",
      "closest_big_city": "London"
    }
  },
  {
    "model": "airport.airport",
    "pk": 3,
    "fields": {
      "name": "Charles de Gaulle Airport",
      "closest_big_city": "Paris"
    }
  },
  {
    "model": "airport.airport",
    "pk": 4,
    "fields": {
      "name": "Tokyo Haneda Airport",
      "closest_big_city": "Tokyo"
    }
  },
  {
    "model": "airport.airport",
    "pk": 5,
    "fields": {
      "name": "Sydney Airport",
      "closest_big_city": "Sydney"
    }
  },
  {
    "model": "airport.route",
    "pk": 1,
    "fields": {
      "source": 1,
      "destination": 2,
      "distance": 6000
    }
  },
  {
    "model": "airport.route",
    "pk": 2,
    "fields": {
      "source": 2,
      "destination": 3,
      "distance": 3500
    }
  },
  {
    "model": "airport.route",
    "pk": 3,
    "fields": {
      "source": 3,
      "destination": 4,
      "distance": 9000
    }
  },
  {
    "model": "airport.route",
    "pk": 4,
    "fields": {
      "source": 4,
      "destination": 1,
      "distance": 7000
    }
  },
  {
    "model": "airport.route",
    "pk": 5,
    "fields": {
      "source": 5,
      "destination": 1,
      "distance": 8000
    }
  },
  {
    "model": "airport.airplanetype",
    "pk": 1,
    "fields": {
      "name": "Boeing 747"
    }
  },
  {
    "model": "airport.airplanetype",
    "pk": 2,
    "fields": {
      "name": "Airbus A320"
    }
  },
  {
    "model": "airport.airplanetype",
    "pk": 3,
    "fields": {
      "name": "Embraer E175"
    }
  },
  {
    "model": "airport.airplanetype",
    "pk": 4,
    "fields": {
      "name": "Bombardier CRJ-900"
    }
  },
  {
    "model": "airport.airplanetype",
    "pk": 5,
    "fields": {
      "name": "Airbus A350"
    }
  },
  {
    "model": "airport.airplane",
    "pk": 1,
    "fields": {
      "name": "Flight King",
      "rows": 20,
      "seats_in_row": 6,
      "airplane_type": 1
    }
  },
  {
    "model": "airport.airplane",
    "pk": 2,
    "fields": {
      "name": "Sky Voyager",
      "rows": 15,
      "seats_in_row": 4,
      "airplane_type": 2
    }
  },
  {
    "model": "airport.airplane",
    "pk": 3,
    "fields": {
      "name": "Airline Express",
      "rows": 24,
      "seats_in_row": 5,
      "airplane_type": 3
    }
  },
  {
    "model": "airport.airplane",
    "pk": 4,
    "fields": {
      "name": "FlyFast",
      "rows": 18,
      "seats_in_row": 5,
      "airplane_type": 4
    }
  },
  {
    "model": "airport.airplane",
    "pk": 5,
    "fields": {
      "name": "DreamWings",
      "rows": 22,
      "seats_in_row": 6,
      "airplane_type": 5
    }
  },
  {
    "model": "airport.crew",
    "pk": 1,
    "fields": {
      "first_name": "John",
      "last_name": "Smith"
    }
  },
  {
    "model": "airport.crew",
    "pk": 2,
    "fields": {
      "first_name": "Emma",
      "last_name": "Johnson"
    }
  },
  {
    "model": "airport.crew",
    "pk": 3,
    "fields": {
      "first_name": "Michael",
      "last_name": "Williams"
    }
  },
  {
    "model": "airport.crew",
    "pk": 4,
    "fields": {
      "first_name": "Sophia",
      "last_name": "Brown"
    }
  },
  {
    "model": "airport.crew",
    "pk": 5,
    "fields": {
      "first_name": "James",
      "last_name": "Miller"
    }
  },
  {
    "model": "airport.flight",
    "pk": 1,
    "fields": {
      "route": 1,
      "airplane": 1,
      "departure_time": "2023-12-13T10:00:00Z",
      "arrival_time": "2023-12-13T14:00:00Z",
      "crews": [
        1,
        2
      ]
    }
  },
  {
    "model": "airport.flight",
    "pk": 2,
    "fields": {
      "route": 2,
      "airplane": 2,
      "departure_time": "2023-12-13T12:30:00Z",
      "arrival_time": "2023-12-13T17:00:00Z",
      "crews": [
        3
      ]
    }
  },
  {
    "model": "airport.flight",
    "pk": 3,
    "fields": {
      "route": 3,
      "airplane": 3,
      "departure_time": "2023-12-13T08:45:00Z",
      "arrival_time": "2023-12-14T13:30:00Z",
      "crews": [
        1,
        4
      ]
    }
  },
  {
    "model": "airport.flight",
    "pk": 4,
    "fields": {
      "route": 4,
      "airplane": 4,
      "departure_time": "2023-12-13T16:20:00Z",
      "arrival_time": "2023-12-13T20:10:00Z",
      "crews": [
        2
      ]
    }
  },
  {
    "model": "airport.flight",
    "pk": 5,
    "fields": {
      "route": 5,
      "airplane": 5,
      "departure_time": "2023-12-13T09:10:00Z",
      "arrival_time": "2023-12-14T13:45:00Z",
      "crews": [
        3,
        4
      ]
    }
  },
  {
    "model": "airport.order",
    "pk": 1,
    "fields": {
      "created_at": "2023-12-13T12:30:00Z",
      "user": 1
    }
  },
  {
    "model": "airport.order",
    "pk": 2,
    "fields": {
      "created_at": "2023-12-13T15:20:00Z",
      "user": 2
    }
  },
  {
    "model": "airport.order",
    "pk": 3,
    "fields": {
      "created_at": "2023-12-13T09:45:00Z",
      "user": 1
    }
  },
  {
    "model": "airport.order",
    "pk": 4,
    "fields": {
      "created_at": "2023-12-13T18:00:00Z",
      "user": 3
    }
  },
  {
    "model": "airport.order",
    "pk": 5,
    "fields": {
      "created_at": "2023-12-13T11:10:00Z",
      "user": 4
    }
  },
  {
    "model": "user.user",
    "pk": 1,
    "fields": {
      "password": "pbkdf2_sha256$320000$6uM28XWOFX6ewyloJzjqmt$L+ZhofPylneoaL2iZS4sZu4ZMUNb4oIevfAdzOMn/eE=",
      "last_login": "2023-01-24T09:52:18.890",
      "is_superuser": true,
      "first_name": "",
      "last_name": "",
      "is_staff": true,
      "is_active": true,
      "date_joined": "2023-01-24T09:39:39.042",
      "email": "admin@admin.com",
      "groups": [],
      "user_permissions": []
    }
  },
  {
    "model": "user.user",
    "pk": 2,
    "fields": {
      "password": "pbkdf2_sha256$320000$tn2DBjAo8FhGtvVfpB1FXf$Lu0+qoZtp4clRlxrvw+UeB3yk0A8BQY9Xxam5e0sJj8=",
      "last_login": null,
      "is_superuser": false,
      "first_name": "Amy",
      "last_name": "Johnson",
      "is_staff": false,
      "is_active": true,
      "date_joined": "2023-06-01T09:39:39.042",
      "email": "amy@example.com",
      "groups": [],
      "user_permissions": []
    }
  },
  {
    "model": "user.user",
    "pk": 3,
    "fields": {
      "password": "pbkdf2_sha256$320000$tn2DBjAo8FhGtvVfpB1FXf$Lu0+qoZtp4clRlxrvw+UeB3yk0A8BQY9Xxam5e0sJj8=",
      "last_login": null,
      "is_superuser": false,
      "first_name": "Michael",
      "last_name": "Brown",
      "is_staff": false,
      "is_active": true,
      "date_joined": "2023-10-12T13:27:39.042",
      "email": "michael@example.com",
      "groups": [],
      "user_permissions": []
    }
  },
  {
    "model": "user.user",
    "pk": 4,
    "fields": {
      "password": "pbkdf2_sha256$320000$tn2DBjAo8FhGtvVfpB1FXf$Lu0+qoZtp4clRlxrvw+UeB3yk0A8BQY9Xxam5e0sJj8=",
      "last_login": null,
      "is_superuser": false,
      "first_name": "Sarah",
      "last_name": "Wilson",
      "is_staff": false,
      "is_active": true,
      "date_joined": "2023-11-20T17:58:39.042",
      "email": "sarah@example.com",
      "groups": [],
      "user_permissions": []
    }
  },
  {
    "model": "user.user",
    "pk": 5,
    "fields": {
      "password": "pbkdf2_sha256$320000$9yU0PLTDKlL02PedUtk2l1$LKjj8O1xGiPGEkDpjsHk87db1iLgt8dgDqECzcsivio",
      "last_login": null,
      "is_superuser": false,
      "first_name": "Paul",
      "last_name": "Dacre",
      "is_staff": false,
      "is_active": true,
      "date_joined": "2023-11-20T17:58:39.042",
      "email": "paul.dacren@example.com",
      "groups": [],
      "user_permissions": []
    }
  }
]
